INSERT INTO `t_dept` (`id`, `create_by`, `update_by`, `create_time`, `update_time`, `deleted`, `version`, `remark`, `ancestors`, `parent_id`, `dept_name`, `order_num`, `leader`, `phone`, `email`, `status`) VALUES (1966151295895171074, 1, NULL, '2025-09-11 22:46:13', '2025-10-04 22:00:57', 0, 1, NULL, '0', 0, '总部', 1, '管理员', '18888888888', 'aegis_system@163.com', '0');
INSERT INTO `t_dept` (`id`, `create_by`, `update_by`, `create_time`, `update_time`, `deleted`, `version`, `remark`, `ancestors`, `parent_id`, `dept_name`, `order_num`, `leader`, `phone`, `email`, `status`) VALUES (1971211467696979969, 1, NULL, '2025-09-25 21:53:32', '2025-10-04 22:00:57', 0, 1, NULL, '0,1966151295895171074', 1966151295895171074, '开发部', 1, '阿雷', '15111111111', NULL, '0');
INSERT INTO `t_dept` (`id`, `create_by`, `update_by`, `create_time`, `update_time`, `deleted`, `version`, `remark`, `ancestors`, `parent_id`, `dept_name`, `order_num`, `leader`, `phone`, `email`, `status`) VALUES (1971211910191857665, 1, NULL, '2025-09-25 21:55:17', '2025-10-04 22:00:57', 0, 1, NULL, '0,1966151295895171074', 1966151295895171074, '测试部', 2, NULL, NULL, NULL, '0');
INSERT INTO `t_dept` (`id`, `create_by`, `update_by`, `create_time`, `update_time`, `deleted`, `version`, `remark`, `ancestors`, `parent_id`, `dept_name`, `order_num`, `leader`, `phone`, `email`, `status`) VALUES (1971211978257022978, 1, NULL, '2025-09-25 21:55:34', '2025-10-04 22:00:57', 0, 1, NULL, '0,1966151295895171074', 1966151295895171074, '产品部', 2, NULL, NULL, NULL, '0');
INSERT INTO `t_dept` (`id`, `create_by`, `update_by`, `create_time`, `update_time`, `deleted`, `version`, `remark`, `ancestors`, `parent_id`, `dept_name`, `order_num`, `leader`, `phone`, `email`, `status`) VALUES (1971212084414857218, 1, NULL, '2025-09-25 21:55:59', '2025-10-04 22:00:57', 0, 1, NULL, '0,1966151295895171074,1971211467696979969', 1971211467696979969, '后端开发', 1, NULL, NULL, NULL, '0');
INSERT INTO `t_dept` (`id`, `create_by`, `update_by`, `create_time`, `update_time`, `deleted`, `version`, `remark`, `ancestors`, `parent_id`, `dept_name`, `order_num`, `leader`, `phone`, `email`, `status`) VALUES (1971212149770502145, 1, NULL, '2025-09-25 21:56:15', '2025-10-04 22:00:57', 0, 1, NULL, '0,1966151295895171074,1971211467696979969', 1971211467696979969, '前端开发', 1, NULL, NULL, NULL, '0');


INSERT INTO `t_dictionary` (`id`, `create_by`, `update_by`, `create_time`, `update_time`, `deleted`, `version`, `remark`, `dict_name`, `dict_type`, `dict_sort`, `dict_label`, `dict_value`, `status`) VALUES (1971212744644444162, 1, NULL, '2025-09-25 21:58:36', '2025-10-04 22:01:03', 0, 1, '请求成功状态', '操作状态', 'OPERATION_STATUS', 1, '成功', '0', '0');
INSERT INTO `t_dictionary` (`id`, `create_by`, `update_by`, `create_time`, `update_time`, `deleted`, `version`, `remark`, `dict_name`, `dict_type`, `dict_sort`, `dict_label`, `dict_value`, `status`) VALUES (1971212812822855682, 1, NULL, '2025-09-25 21:58:53', '2025-10-04 22:01:03', 0, 1, '请求失败状态', '操作状态', 'OPERATION_STATUS', 2, '失败', '1', '0');
INSERT INTO `t_dictionary` (`id`, `create_by`, `update_by`, `create_time`, `update_time`, `deleted`, `version`, `remark`, `dict_name`, `dict_type`, `dict_sort`, `dict_label`, `dict_value`, `status`) VALUES (1971212982402760705, 1, NULL, '2025-09-25 21:59:33', '2025-10-04 22:01:03', 0, 1, '正常使用状态', '数据状态', 'DATA_STATUS', 1, '正常', '0', '0');
INSERT INTO `t_dictionary` (`id`, `create_by`, `update_by`, `create_time`, `update_time`, `deleted`, `version`, `remark`, `dict_name`, `dict_type`, `dict_sort`, `dict_label`, `dict_value`, `status`) VALUES (1971213035355848706, 1, NULL, '2025-09-25 21:59:46', '2025-10-04 22:01:03', 0, 1, '暂停使用状态', '数据状态', 'DATA_STATUS', 2, '停用', '1', '0');
INSERT INTO `t_dictionary` (`id`, `create_by`, `update_by`, `create_time`, `update_time`, `deleted`, `version`, `remark`, `dict_name`, `dict_type`, `dict_sort`, `dict_label`, `dict_value`, `status`) VALUES (1971213204281442306, 1, NULL, '2025-09-25 22:00:26', '2025-10-04 22:01:03', 0, 1, '性别为男', '用户性别', 'USER_GENDER', 1, '男', '0', '0');
INSERT INTO `t_dictionary` (`id`, `create_by`, `update_by`, `create_time`, `update_time`, `deleted`, `version`, `remark`, `dict_name`, `dict_type`, `dict_sort`, `dict_label`, `dict_value`, `status`) VALUES (1971213247025594370, 1, NULL, '2025-09-25 22:00:36', '2025-10-04 22:01:03', 0, 1, '性别为女', '用户性别', 'USER_GENDER', 2, '女', '1', '0');
INSERT INTO `t_dictionary` (`id`, `create_by`, `update_by`, `create_time`, `update_time`, `deleted`, `version`, `remark`, `dict_name`, `dict_type`, `dict_sort`, `dict_label`, `dict_value`, `status`) VALUES (1971213614182383618, 1, NULL, '2025-09-25 22:02:04', '2025-10-04 22:01:03', 0, 1, '其他操作', '操作类型', 'BUSINESS_TYPE', 1, '其他', '0', '0');
INSERT INTO `t_dictionary` (`id`, `create_by`, `update_by`, `create_time`, `update_time`, `deleted`, `version`, `remark`, `dict_name`, `dict_type`, `dict_sort`, `dict_label`, `dict_value`, `status`) VALUES (1971213660361670658, 1, NULL, '2025-09-25 22:02:15', '2025-10-04 22:01:03', 0, 1, '新增操作', '操作类型', 'BUSINESS_TYPE', 2, '新增', '1', '0');
INSERT INTO `t_dictionary` (`id`, `create_by`, `update_by`, `create_time`, `update_time`, `deleted`, `version`, `remark`, `dict_name`, `dict_type`, `dict_sort`, `dict_label`, `dict_value`, `status`) VALUES (1971213719924981762, 1, NULL, '2025-09-25 22:02:29', '2025-10-04 22:01:03', 0, 1, '修改操作', '操作类型', 'BUSINESS_TYPE', 3, '修改', '2', '0');
INSERT INTO `t_dictionary` (`id`, `create_by`, `update_by`, `create_time`, `update_time`, `deleted`, `version`, `remark`, `dict_name`, `dict_type`, `dict_sort`, `dict_label`, `dict_value`, `status`) VALUES (1971213804326961153, 1, NULL, '2025-09-25 22:02:49', '2025-10-04 22:01:03', 0, 1, '删除操作', '操作类型', 'BUSINESS_TYPE', 4, '删除', '3', '0');
INSERT INTO `t_dictionary` (`id`, `create_by`, `update_by`, `create_time`, `update_time`, `deleted`, `version`, `remark`, `dict_name`, `dict_type`, `dict_sort`, `dict_label`, `dict_value`, `status`) VALUES (1971213845649244161, 1, NULL, '2025-09-25 22:02:59', '2025-10-04 22:01:03', 0, 1, '导出操作', '操作类型', 'BUSINESS_TYPE', 5, '导出', '4', '0');
INSERT INTO `t_dictionary` (`id`, `create_by`, `update_by`, `create_time`, `update_time`, `deleted`, `version`, `remark`, `dict_name`, `dict_type`, `dict_sort`, `dict_label`, `dict_value`, `status`) VALUES (1971213882416513026, 1, NULL, '2025-09-25 22:03:08', '2025-10-04 22:01:03', 0, 1, '导入操作', '操作类型', 'BUSINESS_TYPE', 6, '导入', '5', '0');


INSERT INTO `t_menu` (`id`, `create_by`, `update_by`, `create_time`, `update_time`, `deleted`, `version`, `remark`, `menu_name`, `parent_id`, `order_num`, `request_method`, `request_uri`, `name`, `path`, `component`, `is_frame`, `keep_alive`, `menu_type`, `hidden`, `status`, `perms`, `icon`) VALUES (1971221395258040322, 1, NULL, '2025-09-25 22:32:59', '2025-10-04 22:01:57', 0, 1, NULL, '系统管理', 0, 1, NULL, NULL, 'system', 'system', NULL, 0, 0, 'D', 0, '0', NULL, 'iconfont ali-icon-xitongshezhi');
INSERT INTO `t_menu` (`id`, `create_by`, `update_by`, `create_time`, `update_time`, `deleted`, `version`, `remark`, `menu_name`, `parent_id`, `order_num`, `request_method`, `request_uri`, `name`, `path`, `component`, `is_frame`, `keep_alive`, `menu_type`, `hidden`, `status`, `perms`, `icon`) VALUES (1971222225864450050, 1, NULL, '2025-09-25 22:36:17', '2025-10-04 22:01:57', 0, 1, NULL, '通知管理', 0, 2, NULL, NULL, 'notice', 'notice', NULL, 0, 0, 'D', 0, '0', NULL, 'iconfont ali-icon-notice');
INSERT INTO `t_menu` (`id`, `create_by`, `update_by`, `create_time`, `update_time`, `deleted`, `version`, `remark`, `menu_name`, `parent_id`, `order_num`, `request_method`, `request_uri`, `name`, `path`, `component`, `is_frame`, `keep_alive`, `menu_type`, `hidden`, `status`, `perms`, `icon`) VALUES (1971222289307492354, 1, NULL, '2025-09-25 22:36:32', '2025-10-04 22:01:57', 0, 1, NULL, '日志管理', 0, 3, NULL, NULL, 'log', 'log', NULL, 0, 0, 'D', 0, '0', NULL, 'iconfont ali-icon-log');
INSERT INTO `t_menu` (`id`, `create_by`, `update_by`, `create_time`, `update_time`, `deleted`, `version`, `remark`, `menu_name`, `parent_id`, `order_num`, `request_method`, `request_uri`, `name`, `path`, `component`, `is_frame`, `keep_alive`, `menu_type`, `hidden`, `status`, `perms`, `icon`) VALUES (1971223354396467201, 1, NULL, '2025-09-25 22:40:46', '2025-10-04 22:01:57', 0, 1, NULL, '用户管理', 1971221395258040322, 1, 'GET', '/user/pageList', 'user', 'user', 'system/user/index', 0, 0, 'M', 0, '0', 'system:user:list', 'iconfont ali-icon-yonghuguanli');
INSERT INTO `t_menu` (`id`, `create_by`, `update_by`, `create_time`, `update_time`, `deleted`, `version`, `remark`, `menu_name`, `parent_id`, `order_num`, `request_method`, `request_uri`, `name`, `path`, `component`, `is_frame`, `keep_alive`, `menu_type`, `hidden`, `status`, `perms`, `icon`) VALUES (1971223585963991042, 1, NULL, '2025-09-25 22:41:41', '2025-10-04 22:01:57', 0, 1, NULL, '角色管理', 1971221395258040322, 2, 'GET', '/role/pageList', 'role', 'role', 'system/role/index', 0, 0, 'M', 0, '0', 'system:role:list', 'iconfont ali-icon-jiaoseguanli');
INSERT INTO `t_menu` (`id`, `create_by`, `update_by`, `create_time`, `update_time`, `deleted`, `version`, `remark`, `menu_name`, `parent_id`, `order_num`, `request_method`, `request_uri`, `name`, `path`, `component`, `is_frame`, `keep_alive`, `menu_type`, `hidden`, `status`, `perms`, `icon`) VALUES (1971223830886178818, 1, NULL, '2025-09-25 22:42:40', '2025-10-04 22:01:57', 0, 1, NULL, '菜单管理', 1971221395258040322, 3, 'GET', '/menu/list', 'menu', 'menu', 'system/menu/index', 0, 0, 'M', 0, '0', 'system:menu:list', 'iconfont ali-icon-caidanguanli');
INSERT INTO `t_menu` (`id`, `create_by`, `update_by`, `create_time`, `update_time`, `deleted`, `version`, `remark`, `menu_name`, `parent_id`, `order_num`, `request_method`, `request_uri`, `name`, `path`, `component`, `is_frame`, `keep_alive`, `menu_type`, `hidden`, `status`, `perms`, `icon`) VALUES (1971224071236575233, 1, NULL, '2025-09-25 22:43:37', '2025-10-04 22:01:57', 0, 1, NULL, '部门管理', 1971221395258040322, 4, 'GET', '/dept/list', 'dept', 'dept', 'system/dept/index', 0, 0, 'M', 0, '0', 'system:dept:list', 'iconfont ali-icon-zuzhiguanli');
INSERT INTO `t_menu` (`id`, `create_by`, `update_by`, `create_time`, `update_time`, `deleted`, `version`, `remark`, `menu_name`, `parent_id`, `order_num`, `request_method`, `request_uri`, `name`, `path`, `component`, `is_frame`, `keep_alive`, `menu_type`, `hidden`, `status`, `perms`, `icon`) VALUES (1971224338606678018, 1, NULL, '2025-09-25 22:44:41', '2025-10-04 22:01:57', 0, 1, NULL, '字典管理', 1971221395258040322, 5, 'GET', '/dictionary/pageList', 'dict', 'dict', 'system/dict/index', 0, 0, 'M', 0, '0', 'system:dict:list', 'iconfont ali-icon-zidianguanli');
INSERT INTO `t_menu` (`id`, `create_by`, `update_by`, `create_time`, `update_time`, `deleted`, `version`, `remark`, `menu_name`, `parent_id`, `order_num`, `request_method`, `request_uri`, `name`, `path`, `component`, `is_frame`, `keep_alive`, `menu_type`, `hidden`, `status`, `perms`, `icon`) VALUES (1971225264780304386, 1, NULL, '2025-09-25 22:48:21', '2025-10-04 22:01:57', 0, 1, NULL, '白名单管理', 1971221395258040322, 6, 'GET', '/whitelist/pageList', 'whitlist', 'whitlist', 'system/whitlist/index', 0, 0, 'M', 0, '0', 'system:whitlist:list', 'iconfont ali-icon-zidianguanli');
INSERT INTO `t_menu` (`id`, `create_by`, `update_by`, `create_time`, `update_time`, `deleted`, `version`, `remark`, `menu_name`, `parent_id`, `order_num`, `request_method`, `request_uri`, `name`, `path`, `component`, `is_frame`, `keep_alive`, `menu_type`, `hidden`, `status`, `perms`, `icon`) VALUES (1971226319123472386, 1, NULL, '2025-09-25 22:52:33', '2025-10-04 22:01:57', 0, 1, NULL, '系统通知', 1971222225864450050, 1, 'GET', '/notice/pageList', 'systemNotice', 'systemNotice', 'system/systemNotice/index', 0, 0, 'M', 0, '0', 'system:systemNotice:list', 'iconfont ali-icon-zidianguanli');
INSERT INTO `t_menu` (`id`, `create_by`, `update_by`, `create_time`, `update_time`, `deleted`, `version`, `remark`, `menu_name`, `parent_id`, `order_num`, `request_method`, `request_uri`, `name`, `path`, `component`, `is_frame`, `keep_alive`, `menu_type`, `hidden`, `status`, `perms`, `icon`) VALUES (1971226644907646977, 1, NULL, '2025-09-25 22:53:50', '2025-10-04 22:01:57', 0, 1, NULL, '登录日志', 1971222289307492354, 1, 'GET', '/loginLog/pageList', 'loginLog', 'loginLog', 'system/loginLog/index', 0, 0, 'M', 0, '0', 'system:loginLog:list', 'iconfont ali-icon-zidianguanli');
INSERT INTO `t_menu` (`id`, `create_by`, `update_by`, `create_time`, `update_time`, `deleted`, `version`, `remark`, `menu_name`, `parent_id`, `order_num`, `request_method`, `request_uri`, `name`, `path`, `component`, `is_frame`, `keep_alive`, `menu_type`, `hidden`, `status`, `perms`, `icon`) VALUES (1971226725715107842, 1, NULL, '2025-09-25 22:54:10', '2025-10-04 22:01:57', 0, 1, NULL, '操作日志', 1971222289307492354, 2, 'GET', '/operateLog/pageList', 'operateLog', 'operateLog', 'system/operateLog/index', 0, 0, 'M', 0, '0', 'system:operateLog:list', 'iconfont ali-icon-zidianguanli');
INSERT INTO `t_menu` (`id`, `create_by`, `update_by`, `create_time`, `update_time`, `deleted`, `version`, `remark`, `menu_name`, `parent_id`, `order_num`, `request_method`, `request_uri`, `name`, `path`, `component`, `is_frame`, `keep_alive`, `menu_type`, `hidden`, `status`, `perms`, `icon`) VALUES (1971228112851132417, 1, NULL, '2025-09-25 22:59:40', '2025-10-04 22:01:57', 0, 1, NULL, '用户新增', 1971223354396467201, 1, 'POST', '/user/add', NULL, NULL, NULL, 0, 0, 'B', 0, '0', 'system:user:add', '#');
INSERT INTO `t_menu` (`id`, `create_by`, `update_by`, `create_time`, `update_time`, `deleted`, `version`, `remark`, `menu_name`, `parent_id`, `order_num`, `request_method`, `request_uri`, `name`, `path`, `component`, `is_frame`, `keep_alive`, `menu_type`, `hidden`, `status`, `perms`, `icon`) VALUES (1971228354145247233, 1, NULL, '2025-09-25 23:00:38', '2025-10-04 22:01:57', 0, 1, NULL, '删除用户', 1971223354396467201, 2, 'DELETE', '/user/delete/', NULL, NULL, NULL, 0, 0, 'B', 0, '0', 'system:user:delete', '#');
INSERT INTO `t_menu` (`id`, `create_by`, `update_by`, `create_time`, `update_time`, `deleted`, `version`, `remark`, `menu_name`, `parent_id`, `order_num`, `request_method`, `request_uri`, `name`, `path`, `component`, `is_frame`, `keep_alive`, `menu_type`, `hidden`, `status`, `perms`, `icon`) VALUES (1971228466074443778, 1, NULL, '2025-09-25 23:01:05', '2025-10-04 22:01:57', 0, 1, NULL, '用户详情', 1971223354396467201, 3, 'GET', '/user/detail/', NULL, NULL, NULL, 0, 0, 'B', 0, '0', 'system:user:detail', '#');
INSERT INTO `t_menu` (`id`, `create_by`, `update_by`, `create_time`, `update_time`, `deleted`, `version`, `remark`, `menu_name`, `parent_id`, `order_num`, `request_method`, `request_uri`, `name`, `path`, `component`, `is_frame`, `keep_alive`, `menu_type`, `hidden`, `status`, `perms`, `icon`) VALUES (1971228604171902978, 1, NULL, '2025-09-25 23:01:38', '2025-10-04 22:01:57', 0, 1, NULL, '重置用户密码', 1971223354396467201, 4, 'PUT', '/user/resetPassword', NULL, NULL, NULL, 0, 0, 'B', 0, '0', 'system:user:resetPassword', '#');
INSERT INTO `t_menu` (`id`, `create_by`, `update_by`, `create_time`, `update_time`, `deleted`, `version`, `remark`, `menu_name`, `parent_id`, `order_num`, `request_method`, `request_uri`, `name`, `path`, `component`, `is_frame`, `keep_alive`, `menu_type`, `hidden`, `status`, `perms`, `icon`) VALUES (1971228664133672962, 1, NULL, '2025-09-25 23:01:52', '2025-10-04 22:01:57', 0, 1, NULL, '修改用户', 1971223354396467201, 5, 'PUT', '/user/update', NULL, NULL, NULL, 0, 0, 'B', 0, '0', 'system:user:update', '#');
INSERT INTO `t_menu` (`id`, `create_by`, `update_by`, `create_time`, `update_time`, `deleted`, `version`, `remark`, `menu_name`, `parent_id`, `order_num`, `request_method`, `request_uri`, `name`, `path`, `component`, `is_frame`, `keep_alive`, `menu_type`, `hidden`, `status`, `perms`, `icon`) VALUES (1971228728725954561, 1, NULL, '2025-09-25 23:02:07', '2025-10-04 22:01:57', 0, 1, NULL, '修改用户状态', 1971223354396467201, 6, 'PUT', '/user/updateStatus/', NULL, NULL, NULL, 0, 0, 'B', 0, '0', 'system:user:updateStatus', '#');
INSERT INTO `t_menu` (`id`, `create_by`, `update_by`, `create_time`, `update_time`, `deleted`, `version`, `remark`, `menu_name`, `parent_id`, `order_num`, `request_method`, `request_uri`, `name`, `path`, `component`, `is_frame`, `keep_alive`, `menu_type`, `hidden`, `status`, `perms`, `icon`) VALUES (1971574987974303746, 1, NULL, '2025-09-26 21:58:02', '2025-10-04 22:01:57', 0, 1, NULL, '新增角色', 1971223585963991042, 1, 'POST', '/role/add', NULL, NULL, NULL, 0, 0, 'B', 0, '0', 'system:role:add', '#');
INSERT INTO `t_menu` (`id`, `create_by`, `update_by`, `create_time`, `update_time`, `deleted`, `version`, `remark`, `menu_name`, `parent_id`, `order_num`, `request_method`, `request_uri`, `name`, `path`, `component`, `is_frame`, `keep_alive`, `menu_type`, `hidden`, `status`, `perms`, `icon`) VALUES (1971575160020459521, 1, NULL, '2025-09-26 21:58:43', '2025-10-04 22:01:58', 0, 1, NULL, '查询已分配用户角色列表', 1971223585963991042, 2, 'GET', '/role/allocatedList', NULL, NULL, NULL, 0, 0, 'B', 0, '0', 'system:role:allocatedList', '#');
INSERT INTO `t_menu` (`id`, `create_by`, `update_by`, `create_time`, `update_time`, `deleted`, `version`, `remark`, `menu_name`, `parent_id`, `order_num`, `request_method`, `request_uri`, `name`, `path`, `component`, `is_frame`, `keep_alive`, `menu_type`, `hidden`, `status`, `perms`, `icon`) VALUES (1971575232649027586, 1, NULL, '2025-09-26 21:59:00', '2025-10-04 22:01:58', 0, 1, NULL, '取消授权用户', 1971223585963991042, 3, 'PUT', '/role/cancel', NULL, NULL, NULL, 0, 0, 'B', 0, '0', 'system:role:cancel', '#');
INSERT INTO `t_menu` (`id`, `create_by`, `update_by`, `create_time`, `update_time`, `deleted`, `version`, `remark`, `menu_name`, `parent_id`, `order_num`, `request_method`, `request_uri`, `name`, `path`, `component`, `is_frame`, `keep_alive`, `menu_type`, `hidden`, `status`, `perms`, `icon`) VALUES (1971575291381866498, 1, NULL, '2025-09-26 21:59:14', '2025-10-04 22:01:58', 0, 1, NULL, '批量取消授权用户', 1971223585963991042, 4, 'PUT', '/role/cancelAll', NULL, NULL, NULL, 0, 0, 'B', 0, '0', 'system:role:cancelAll', '#');
INSERT INTO `t_menu` (`id`, `create_by`, `update_by`, `create_time`, `update_time`, `deleted`, `version`, `remark`, `menu_name`, `parent_id`, `order_num`, `request_method`, `request_uri`, `name`, `path`, `component`, `is_frame`, `keep_alive`, `menu_type`, `hidden`, `status`, `perms`, `icon`) VALUES (1971575387821498370, 1, NULL, '2025-09-26 21:59:37', '2025-10-04 22:01:58', 0, 1, NULL, '删除角色', 1971223585963991042, 5, 'DELETE', '/role/delete/', NULL, NULL, NULL, 0, 0, 'B', 0, '0', 'system:role:delete', '#');
INSERT INTO `t_menu` (`id`, `create_by`, `update_by`, `create_time`, `update_time`, `deleted`, `version`, `remark`, `menu_name`, `parent_id`, `order_num`, `request_method`, `request_uri`, `name`, `path`, `component`, `is_frame`, `keep_alive`, `menu_type`, `hidden`, `status`, `perms`, `icon`) VALUES (1971575521452023809, 1, NULL, '2025-09-26 22:00:09', '2025-10-04 22:01:58', 0, 1, NULL, '角色详情', 1971223585963991042, 6, 'GET', '/role/detail/', NULL, NULL, NULL, 0, 0, 'B', 0, '0', 'system:role:detail', '#');
INSERT INTO `t_menu` (`id`, `create_by`, `update_by`, `create_time`, `update_time`, `deleted`, `version`, `remark`, `menu_name`, `parent_id`, `order_num`, `request_method`, `request_uri`, `name`, `path`, `component`, `is_frame`, `keep_alive`, `menu_type`, `hidden`, `status`, `perms`, `icon`) VALUES (1971575575986364418, 1, NULL, '2025-09-26 22:00:22', '2025-10-04 22:01:58', 0, 1, NULL, '分页列表', 1971223585963991042, 7, 'GET', '/role/pageList', NULL, NULL, NULL, 0, 0, 'B', 0, '0', 'system:role:pageList', '#');
INSERT INTO `t_menu` (`id`, `create_by`, `update_by`, `create_time`, `update_time`, `deleted`, `version`, `remark`, `menu_name`, `parent_id`, `order_num`, `request_method`, `request_uri`, `name`, `path`, `component`, `is_frame`, `keep_alive`, `menu_type`, `hidden`, `status`, `perms`, `icon`) VALUES (1971575650561089538, 1, NULL, '2025-09-26 22:00:40', '2025-10-04 22:01:58', 0, 1, NULL, '获取对应角色部门树', 1971223585963991042, 8, 'GET', '/role/roleWithDeptTree/', NULL, NULL, NULL, 0, 0, 'B', 0, '0', 'system:role:roleWithDeptTree', '#');
INSERT INTO `t_menu` (`id`, `create_by`, `update_by`, `create_time`, `update_time`, `deleted`, `version`, `remark`, `menu_name`, `parent_id`, `order_num`, `request_method`, `request_uri`, `name`, `path`, `component`, `is_frame`, `keep_alive`, `menu_type`, `hidden`, `status`, `perms`, `icon`) VALUES (1971575701224087553, 1, NULL, '2025-09-26 22:00:52', '2025-10-04 22:01:58', 0, 1, NULL, '获取对应角色菜单树', 1971223585963991042, 9, 'GET', '/role/roleWithMenuTree/', NULL, NULL, NULL, 0, 0, 'B', 0, '0', 'system:role:roleWithMenuTree', '#');
INSERT INTO `t_menu` (`id`, `create_by`, `update_by`, `create_time`, `update_time`, `deleted`, `version`, `remark`, `menu_name`, `parent_id`, `order_num`, `request_method`, `request_uri`, `name`, `path`, `component`, `is_frame`, `keep_alive`, `menu_type`, `hidden`, `status`, `perms`, `icon`) VALUES (1971575809672011777, 1, NULL, '2025-09-26 22:01:18', '2025-10-04 22:01:58', 0, 1, NULL, '批量选择用户授权', 1971223585963991042, 10, 'POST', '/role/selectAll', NULL, NULL, NULL, 0, 0, 'B', 0, '0', 'system:role:selectAll', '#');
INSERT INTO `t_menu` (`id`, `create_by`, `update_by`, `create_time`, `update_time`, `deleted`, `version`, `remark`, `menu_name`, `parent_id`, `order_num`, `request_method`, `request_uri`, `name`, `path`, `component`, `is_frame`, `keep_alive`, `menu_type`, `hidden`, `status`, `perms`, `icon`) VALUES (1971575882535460865, 1, NULL, '2025-09-26 22:01:35', '2025-10-04 22:01:58', 0, 1, NULL, '查询未分配用户角色列表', 1971223585963991042, 11, 'GET', '/role/unallocatedList', NULL, NULL, NULL, 0, 0, 'B', 0, '0', 'system:role:unallocatedList', '#');
INSERT INTO `t_menu` (`id`, `create_by`, `update_by`, `create_time`, `update_time`, `deleted`, `version`, `remark`, `menu_name`, `parent_id`, `order_num`, `request_method`, `request_uri`, `name`, `path`, `component`, `is_frame`, `keep_alive`, `menu_type`, `hidden`, `status`, `perms`, `icon`) VALUES (1971575953461141506, 1, NULL, '2025-09-26 22:01:52', '2025-10-04 22:01:58', 0, 1, NULL, '修改角色', 1971223585963991042, 12, 'PUT', '/role/update', NULL, NULL, NULL, 0, 0, 'B', 0, '0', 'system:role:update', '#');
INSERT INTO `t_menu` (`id`, `create_by`, `update_by`, `create_time`, `update_time`, `deleted`, `version`, `remark`, `menu_name`, `parent_id`, `order_num`, `request_method`, `request_uri`, `name`, `path`, `component`, `is_frame`, `keep_alive`, `menu_type`, `hidden`, `status`, `perms`, `icon`) VALUES (1971576005952856065, 1, NULL, '2025-09-26 22:02:05', '2025-10-04 22:01:58', 0, 1, NULL, '修改角色数据权限', 1971223585963991042, 13, 'PUT', '/role/updateRoleDataScope', NULL, NULL, NULL, 0, 0, 'B', 0, '0', 'system:role:updateRoleDataScope', '#');
INSERT INTO `t_menu` (`id`, `create_by`, `update_by`, `create_time`, `update_time`, `deleted`, `version`, `remark`, `menu_name`, `parent_id`, `order_num`, `request_method`, `request_uri`, `name`, `path`, `component`, `is_frame`, `keep_alive`, `menu_type`, `hidden`, `status`, `perms`, `icon`) VALUES (1971576074340982786, 1, NULL, '2025-09-26 22:02:21', '2025-10-04 22:01:58', 0, 1, NULL, '修改角色状态', 1971223585963991042, 14, 'PUT', '/role/updateStatus/', NULL, NULL, NULL, 0, 0, 'B', 0, '0', 'system:role:updateStatus', '#');
INSERT INTO `t_menu` (`id`, `create_by`, `update_by`, `create_time`, `update_time`, `deleted`, `version`, `remark`, `menu_name`, `parent_id`, `order_num`, `request_method`, `request_uri`, `name`, `path`, `component`, `is_frame`, `keep_alive`, `menu_type`, `hidden`, `status`, `perms`, `icon`) VALUES (1971576458572783617, 1, NULL, '2025-09-26 22:03:53', '2025-10-04 22:01:58', 0, 1, NULL, '新增', 1971223830886178818, 1, 'POST', '/menu/add', NULL, NULL, NULL, 0, 0, 'B', 0, '0', 'system:menu:add', '#');
INSERT INTO `t_menu` (`id`, `create_by`, `update_by`, `create_time`, `update_time`, `deleted`, `version`, `remark`, `menu_name`, `parent_id`, `order_num`, `request_method`, `request_uri`, `name`, `path`, `component`, `is_frame`, `keep_alive`, `menu_type`, `hidden`, `status`, `perms`, `icon`) VALUES (1971576542152679426, 1, NULL, '2025-09-26 22:04:12', '2025-10-04 22:01:58', 0, 1, NULL, '删除', 1971223830886178818, 2, 'DELETE', '/menu/delete/', NULL, NULL, NULL, 0, 0, 'B', 0, '0', 'system:menu:delete', '#');
INSERT INTO `t_menu` (`id`, `create_by`, `update_by`, `create_time`, `update_time`, `deleted`, `version`, `remark`, `menu_name`, `parent_id`, `order_num`, `request_method`, `request_uri`, `name`, `path`, `component`, `is_frame`, `keep_alive`, `menu_type`, `hidden`, `status`, `perms`, `icon`) VALUES (1971576621307584513, 1, NULL, '2025-09-26 22:04:31', '2025-10-04 22:01:58', 0, 1, NULL, '详情', 1971223830886178818, 3, 'GET', '/menu/detail/', NULL, NULL, NULL, 0, 0, 'B', 0, '0', 'system:menu:detail', '#');
INSERT INTO `t_menu` (`id`, `create_by`, `update_by`, `create_time`, `update_time`, `deleted`, `version`, `remark`, `menu_name`, `parent_id`, `order_num`, `request_method`, `request_uri`, `name`, `path`, `component`, `is_frame`, `keep_alive`, `menu_type`, `hidden`, `status`, `perms`, `icon`) VALUES (1971576677108604929, 1, NULL, '2025-09-26 22:04:45', '2025-10-04 22:01:58', 0, 1, NULL, '列表', 1971223830886178818, 4, 'GET', '/menu/list', NULL, NULL, NULL, 0, 0, 'B', 0, '0', 'system:menu:list', '#');
INSERT INTO `t_menu` (`id`, `create_by`, `update_by`, `create_time`, `update_time`, `deleted`, `version`, `remark`, `menu_name`, `parent_id`, `order_num`, `request_method`, `request_uri`, `name`, `path`, `component`, `is_frame`, `keep_alive`, `menu_type`, `hidden`, `status`, `perms`, `icon`) VALUES (1971576743089201154, 1, NULL, '2025-09-26 22:05:00', '2025-10-04 22:01:58', 0, 1, NULL, '获取树形结构菜单', 1971223830886178818, 5, 'GET', '/menu/tree', NULL, NULL, NULL, 0, 0, 'B', 0, '0', 'system:menu:tree', '#');
INSERT INTO `t_menu` (`id`, `create_by`, `update_by`, `create_time`, `update_time`, `deleted`, `version`, `remark`, `menu_name`, `parent_id`, `order_num`, `request_method`, `request_uri`, `name`, `path`, `component`, `is_frame`, `keep_alive`, `menu_type`, `hidden`, `status`, `perms`, `icon`) VALUES (1971576810906902529, 1, NULL, '2025-09-26 22:05:17', '2025-10-04 22:01:58', 0, 1, NULL, '修改', 1971223830886178818, 6, 'PUT', '/menu/update', NULL, NULL, NULL, 0, 0, 'B', 0, '0', 'system:menu:update', '#');
INSERT INTO `t_menu` (`id`, `create_by`, `update_by`, `create_time`, `update_time`, `deleted`, `version`, `remark`, `menu_name`, `parent_id`, `order_num`, `request_method`, `request_uri`, `name`, `path`, `component`, `is_frame`, `keep_alive`, `menu_type`, `hidden`, `status`, `perms`, `icon`) VALUES (1971577037919412226, 1, NULL, '2025-09-26 22:06:11', '2025-10-04 22:01:58', 0, 1, NULL, '新增部门', 1971224071236575233, 1, 'POST', '/dept/add', NULL, NULL, NULL, 0, 0, 'B', 0, '0', 'system:dept:add', '#');
INSERT INTO `t_menu` (`id`, `create_by`, `update_by`, `create_time`, `update_time`, `deleted`, `version`, `remark`, `menu_name`, `parent_id`, `order_num`, `request_method`, `request_uri`, `name`, `path`, `component`, `is_frame`, `keep_alive`, `menu_type`, `hidden`, `status`, `perms`, `icon`) VALUES (1971577121545445378, 1, NULL, '2025-09-26 22:06:31', '2025-10-04 22:01:58', 0, 1, NULL, '删除', 1971224071236575233, 2, 'DELETE', '/dept/delete/', NULL, NULL, NULL, 0, 0, 'B', 0, '0', 'system:dept:delete', '#');
INSERT INTO `t_menu` (`id`, `create_by`, `update_by`, `create_time`, `update_time`, `deleted`, `version`, `remark`, `menu_name`, `parent_id`, `order_num`, `request_method`, `request_uri`, `name`, `path`, `component`, `is_frame`, `keep_alive`, `menu_type`, `hidden`, `status`, `perms`, `icon`) VALUES (1971577198187962370, 1, NULL, '2025-09-26 22:06:49', '2025-10-04 22:01:58', 0, 1, NULL, '详情', 1971224071236575233, 3, 'GET', '/dept/detail/', NULL, NULL, NULL, 0, 0, 'B', 0, '0', 'system:dept:detail', '#');
INSERT INTO `t_menu` (`id`, `create_by`, `update_by`, `create_time`, `update_time`, `deleted`, `version`, `remark`, `menu_name`, `parent_id`, `order_num`, `request_method`, `request_uri`, `name`, `path`, `component`, `is_frame`, `keep_alive`, `menu_type`, `hidden`, `status`, `perms`, `icon`) VALUES (1971577253435334657, 1, NULL, '2025-09-26 22:07:02', '2025-10-04 22:01:58', 0, 1, NULL, '列表', 1971224071236575233, 4, 'GET', '/dept/list', NULL, NULL, NULL, 0, 0, 'B', 0, '0', 'system:dept:list', '#');
INSERT INTO `t_menu` (`id`, `create_by`, `update_by`, `create_time`, `update_time`, `deleted`, `version`, `remark`, `menu_name`, `parent_id`, `order_num`, `request_method`, `request_uri`, `name`, `path`, `component`, `is_frame`, `keep_alive`, `menu_type`, `hidden`, `status`, `perms`, `icon`) VALUES (1971577307755765762, 1, NULL, '2025-09-26 22:07:15', '2025-10-04 22:01:58', 0, 1, NULL, '获取树形结构部门', 1971224071236575233, 5, 'GET', '/dept/tree', NULL, NULL, NULL, 0, 0, 'B', 0, '0', 'system:dept:tree', '#');
INSERT INTO `t_menu` (`id`, `create_by`, `update_by`, `create_time`, `update_time`, `deleted`, `version`, `remark`, `menu_name`, `parent_id`, `order_num`, `request_method`, `request_uri`, `name`, `path`, `component`, `is_frame`, `keep_alive`, `menu_type`, `hidden`, `status`, `perms`, `icon`) VALUES (1971577373031718913, 1, NULL, '2025-09-26 22:07:31', '2025-10-04 22:01:58', 0, 1, NULL, '修改部门', 1971224071236575233, 6, 'PUT', '/dept/update', NULL, NULL, NULL, 0, 0, 'B', 0, '0', 'system:dept:update', '#');
INSERT INTO `t_menu` (`id`, `create_by`, `update_by`, `create_time`, `update_time`, `deleted`, `version`, `remark`, `menu_name`, `parent_id`, `order_num`, `request_method`, `request_uri`, `name`, `path`, `component`, `is_frame`, `keep_alive`, `menu_type`, `hidden`, `status`, `perms`, `icon`) VALUES (1971577562127720450, 1, NULL, '2025-09-26 22:08:16', '2025-10-04 22:01:58', 0, 1, NULL, '新增字典', 1971224338606678018, 1, 'POST', '/dictionary/add', NULL, NULL, NULL, 0, 0, 'B', 0, '0', 'system:dictionary:add', '#');
INSERT INTO `t_menu` (`id`, `create_by`, `update_by`, `create_time`, `update_time`, `deleted`, `version`, `remark`, `menu_name`, `parent_id`, `order_num`, `request_method`, `request_uri`, `name`, `path`, `component`, `is_frame`, `keep_alive`, `menu_type`, `hidden`, `status`, `perms`, `icon`) VALUES (1971577625461710849, 1, NULL, '2025-09-26 22:08:31', '2025-10-04 22:01:58', 0, 1, NULL, '删除字典', 1971224338606678018, 2, 'DELETE', '/dictionary/delete/', NULL, NULL, NULL, 0, 0, 'B', 0, '0', 'system:dictionary:delete', '#');
INSERT INTO `t_menu` (`id`, `create_by`, `update_by`, `create_time`, `update_time`, `deleted`, `version`, `remark`, `menu_name`, `parent_id`, `order_num`, `request_method`, `request_uri`, `name`, `path`, `component`, `is_frame`, `keep_alive`, `menu_type`, `hidden`, `status`, `perms`, `icon`) VALUES (1971577693409435649, 1, NULL, '2025-09-26 22:08:47', '2025-10-04 22:01:58', 0, 1, NULL, '详情', 1971224338606678018, 3, 'GET', '/dictionary/detail/', NULL, NULL, NULL, 0, 0, 'B', 0, '0', 'system:dictionary:detail', '#');
INSERT INTO `t_menu` (`id`, `create_by`, `update_by`, `create_time`, `update_time`, `deleted`, `version`, `remark`, `menu_name`, `parent_id`, `order_num`, `request_method`, `request_uri`, `name`, `path`, `component`, `is_frame`, `keep_alive`, `menu_type`, `hidden`, `status`, `perms`, `icon`) VALUES (1971577750519078913, 1, NULL, '2025-09-26 22:09:01', '2025-10-04 22:01:58', 0, 1, NULL, '分页列表', 1971224338606678018, 4, 'GET', '/dictionary/pageList', NULL, NULL, NULL, 0, 0, 'B', 0, '0', 'system:dictionary:pageList', '#');
INSERT INTO `t_menu` (`id`, `create_by`, `update_by`, `create_time`, `update_time`, `deleted`, `version`, `remark`, `menu_name`, `parent_id`, `order_num`, `request_method`, `request_uri`, `name`, `path`, `component`, `is_frame`, `keep_alive`, `menu_type`, `hidden`, `status`, `perms`, `icon`) VALUES (1971577814897451009, 1, NULL, '2025-09-26 22:09:16', '2025-10-04 22:01:58', 0, 1, NULL, '修改字典', 1971224338606678018, 5, 'PUT', '/dictionary/update', NULL, NULL, NULL, 0, 0, 'B', 0, '0', 'system:dictionary:update', '#');
INSERT INTO `t_menu` (`id`, `create_by`, `update_by`, `create_time`, `update_time`, `deleted`, `version`, `remark`, `menu_name`, `parent_id`, `order_num`, `request_method`, `request_uri`, `name`, `path`, `component`, `is_frame`, `keep_alive`, `menu_type`, `hidden`, `status`, `perms`, `icon`) VALUES (1971578127008194561, 1, NULL, '2025-09-26 22:10:30', '2025-10-04 22:01:58', 0, 1, NULL, '新增白名单', 1971225264780304386, 1, 'POST', '/whitelist/add', NULL, NULL, NULL, 0, 0, 'B', 0, '0', 'system:whitelist:add', '#');
INSERT INTO `t_menu` (`id`, `create_by`, `update_by`, `create_time`, `update_time`, `deleted`, `version`, `remark`, `menu_name`, `parent_id`, `order_num`, `request_method`, `request_uri`, `name`, `path`, `component`, `is_frame`, `keep_alive`, `menu_type`, `hidden`, `status`, `perms`, `icon`) VALUES (1971578199422853121, 1, NULL, '2025-09-26 22:10:48', '2025-10-04 22:01:58', 0, 1, NULL, '删除白名单', 1971225264780304386, 2, 'DELETE', '/whitelist/delete/', NULL, NULL, NULL, 0, 0, 'B', 0, '0', 'system:whitelist:delete', '#');
INSERT INTO `t_menu` (`id`, `create_by`, `update_by`, `create_time`, `update_time`, `deleted`, `version`, `remark`, `menu_name`, `parent_id`, `order_num`, `request_method`, `request_uri`, `name`, `path`, `component`, `is_frame`, `keep_alive`, `menu_type`, `hidden`, `status`, `perms`, `icon`) VALUES (1971578261913788418, 1, NULL, '2025-09-26 22:11:02', '2025-10-04 22:01:58', 0, 1, NULL, '详情', 1971225264780304386, 3, 'GET', '/whitelist/detail/', NULL, NULL, NULL, 0, 0, 'B', 0, '0', 'system:whitelist:detail', '#');
INSERT INTO `t_menu` (`id`, `create_by`, `update_by`, `create_time`, `update_time`, `deleted`, `version`, `remark`, `menu_name`, `parent_id`, `order_num`, `request_method`, `request_uri`, `name`, `path`, `component`, `is_frame`, `keep_alive`, `menu_type`, `hidden`, `status`, `perms`, `icon`) VALUES (1971578313700859905, 1, NULL, '2025-09-26 22:11:15', '2025-10-04 22:01:58', 0, 1, NULL, '分页列表', 1971225264780304386, 4, 'GET', '/whitelist/pageList', NULL, NULL, NULL, 0, 0, 'B', 0, '0', 'system:whitelist:pageList', '#');
INSERT INTO `t_menu` (`id`, `create_by`, `update_by`, `create_time`, `update_time`, `deleted`, `version`, `remark`, `menu_name`, `parent_id`, `order_num`, `request_method`, `request_uri`, `name`, `path`, `component`, `is_frame`, `keep_alive`, `menu_type`, `hidden`, `status`, `perms`, `icon`) VALUES (1971578374568599554, 1, NULL, '2025-09-26 22:11:29', '2025-10-04 22:01:58', 0, 1, NULL, '修改白名单', 1971225264780304386, 5, 'PUT', '/whitelist/update', NULL, NULL, NULL, 0, 0, 'B', 0, '0', 'system:whitelist:update', '#');
INSERT INTO `t_menu` (`id`, `create_by`, `update_by`, `create_time`, `update_time`, `deleted`, `version`, `remark`, `menu_name`, `parent_id`, `order_num`, `request_method`, `request_uri`, `name`, `path`, `component`, `is_frame`, `keep_alive`, `menu_type`, `hidden`, `status`, `perms`, `icon`) VALUES (1971578605519560705, 1, NULL, '2025-09-26 22:12:24', '2025-10-04 22:01:58', 0, 1, NULL, '新增通知', 1971226319123472386, 1, 'POST', '/notice/add', NULL, NULL, NULL, 0, 0, 'B', 0, '0', 'system:notice:add', '#');
INSERT INTO `t_menu` (`id`, `create_by`, `update_by`, `create_time`, `update_time`, `deleted`, `version`, `remark`, `menu_name`, `parent_id`, `order_num`, `request_method`, `request_uri`, `name`, `path`, `component`, `is_frame`, `keep_alive`, `menu_type`, `hidden`, `status`, `perms`, `icon`) VALUES (1971578675476357121, 1, NULL, '2025-09-26 22:12:41', '2025-10-04 22:01:58', 0, 1, NULL, '删除通知', 1971226319123472386, 2, 'DELETE', '/notice/delete/', NULL, NULL, NULL, 0, 0, 'B', 0, '0', 'system:notice:delete', '#');
INSERT INTO `t_menu` (`id`, `create_by`, `update_by`, `create_time`, `update_time`, `deleted`, `version`, `remark`, `menu_name`, `parent_id`, `order_num`, `request_method`, `request_uri`, `name`, `path`, `component`, `is_frame`, `keep_alive`, `menu_type`, `hidden`, `status`, `perms`, `icon`) VALUES (1971578788210860034, 1, NULL, '2025-09-26 22:13:08', '2025-10-04 22:01:58', 0, 1, NULL, '详情', 1971226319123472386, 3, 'GET', '/notice/detail/', NULL, NULL, NULL, 0, 0, 'B', 0, '0', 'system:notice:detail', '#');
INSERT INTO `t_menu` (`id`, `create_by`, `update_by`, `create_time`, `update_time`, `deleted`, `version`, `remark`, `menu_name`, `parent_id`, `order_num`, `request_method`, `request_uri`, `name`, `path`, `component`, `is_frame`, `keep_alive`, `menu_type`, `hidden`, `status`, `perms`, `icon`) VALUES (1971578833853276162, 1, NULL, '2025-09-26 22:13:19', '2025-10-04 22:01:58', 0, 1, NULL, '分页列表', 1971226319123472386, 4, 'GET', '/notice/pageList', NULL, NULL, NULL, 0, 0, 'B', 0, '0', 'system:notice:pageList', '#');
INSERT INTO `t_menu` (`id`, `create_by`, `update_by`, `create_time`, `update_time`, `deleted`, `version`, `remark`, `menu_name`, `parent_id`, `order_num`, `request_method`, `request_uri`, `name`, `path`, `component`, `is_frame`, `keep_alive`, `menu_type`, `hidden`, `status`, `perms`, `icon`) VALUES (1971578893743742977, 1, NULL, '2025-09-26 22:13:33', '2025-10-04 22:01:58', 0, 1, NULL, '发布通知', 1971226319123472386, 5, 'GET', '/notice/publish/', NULL, NULL, NULL, 0, 0, 'B', 0, '0', 'system:notice:publish', '#');
INSERT INTO `t_menu` (`id`, `create_by`, `update_by`, `create_time`, `update_time`, `deleted`, `version`, `remark`, `menu_name`, `parent_id`, `order_num`, `request_method`, `request_uri`, `name`, `path`, `component`, `is_frame`, `keep_alive`, `menu_type`, `hidden`, `status`, `perms`, `icon`) VALUES (1971578961318174722, 1, NULL, '2025-09-26 22:13:49', '2025-10-04 22:01:58', 0, 1, NULL, '撤销通知', 1971226319123472386, 6, 'GET', '/notice/revoke/', NULL, NULL, NULL, 0, 0, 'B', 0, '0', 'system:notice:revoke', '#');
INSERT INTO `t_menu` (`id`, `create_by`, `update_by`, `create_time`, `update_time`, `deleted`, `version`, `remark`, `menu_name`, `parent_id`, `order_num`, `request_method`, `request_uri`, `name`, `path`, `component`, `is_frame`, `keep_alive`, `menu_type`, `hidden`, `status`, `perms`, `icon`) VALUES (1971579095942750210, 1, NULL, '2025-09-26 22:14:21', '2025-10-04 22:01:58', 0, 1, NULL, '修改通知', 1971226319123472386, 7, 'PUT', '/notice/update', NULL, NULL, NULL, 0, 0, 'B', 0, '0', 'system:notice:update', '#');
INSERT INTO `t_menu` (`id`, `create_by`, `update_by`, `create_time`, `update_time`, `deleted`, `version`, `remark`, `menu_name`, `parent_id`, `order_num`, `request_method`, `request_uri`, `name`, `path`, `component`, `is_frame`, `keep_alive`, `menu_type`, `hidden`, `status`, `perms`, `icon`) VALUES (1971579322581966850, 1, NULL, '2025-09-26 22:15:15', '2025-10-04 22:01:58', 0, 1, NULL, '导出登录日志', 1971226644907646977, 1, 'GET', '/loginLog/export', NULL, NULL, NULL, 0, 0, 'B', 0, '0', 'system:loginLog:export', '#');
INSERT INTO `t_menu` (`id`, `create_by`, `update_by`, `create_time`, `update_time`, `deleted`, `version`, `remark`, `menu_name`, `parent_id`, `order_num`, `request_method`, `request_uri`, `name`, `path`, `component`, `is_frame`, `keep_alive`, `menu_type`, `hidden`, `status`, `perms`, `icon`) VALUES (1971579363681951745, 1, NULL, '2025-09-26 22:15:25', '2025-10-04 22:01:58', 0, 1, NULL, '分页列表', 1971226644907646977, 2, 'GET', '/loginLog/pageList', NULL, NULL, NULL, 0, 0, 'B', 0, '0', 'system:loginLog:pageList', '#');
INSERT INTO `t_menu` (`id`, `create_by`, `update_by`, `create_time`, `update_time`, `deleted`, `version`, `remark`, `menu_name`, `parent_id`, `order_num`, `request_method`, `request_uri`, `name`, `path`, `component`, `is_frame`, `keep_alive`, `menu_type`, `hidden`, `status`, `perms`, `icon`) VALUES (1971579500986687489, 1, NULL, '2025-09-26 22:15:58', '2025-10-04 22:01:58', 0, 1, NULL, '分页列表', 1971226725715107842, 1, 'GET', '/operateLog/pageList', NULL, NULL, NULL, 0, 0, 'B', 0, '0', 'system:operateLog:pageList', '#');
INSERT INTO `t_menu` (`id`, `create_by`, `update_by`, `create_time`, `update_time`, `deleted`, `version`, `remark`, `menu_name`, `parent_id`, `order_num`, `request_method`, `request_uri`, `name`, `path`, `component`, `is_frame`, `keep_alive`, `menu_type`, `hidden`, `status`, `perms`, `icon`) VALUES (1971579567655149569, 1, NULL, '2025-09-26 22:16:14', '2025-10-04 22:01:58', 0, 1, NULL, '导出操作日志', 1971226725715107842, 2, 'GET', '/operateLog/export', NULL, NULL, NULL, 0, 0, 'B', 0, '0', 'system:operateLog:export', '#');


INSERT INTO `t_role` (`id`, `create_by`, `update_by`, `create_time`, `update_time`, `deleted`, `version`, `remark`, `role_name`, `role_code`, `order_num`, `data_scope`, `menu_check_strictly`, `dept_check_strictly`, `status`) VALUES (1974474475076329473, 1, NULL, '2025-10-04 21:59:33', '2025-10-04 22:02:11', 0, 1, NULL, '系统管理员', 'admin', 1, '1', 1, 1, '0');


INSERT INTO `t_role_menu` (`id`, `role_id`, `menu_id`) VALUES (1974476560467558402, 1974474475076329473, 1971221395258040322);
INSERT INTO `t_role_menu` (`id`, `role_id`, `menu_id`) VALUES (1974476560467558403, 1974474475076329473, 1971222225864450050);
INSERT INTO `t_role_menu` (`id`, `role_id`, `menu_id`) VALUES (1974476560467558404, 1974474475076329473, 1971222289307492354);
INSERT INTO `t_role_menu` (`id`, `role_id`, `menu_id`) VALUES (1974476560467558405, 1974474475076329473, 1971223354396467201);
INSERT INTO `t_role_menu` (`id`, `role_id`, `menu_id`) VALUES (1974476560467558406, 1974474475076329473, 1971223585963991042);
INSERT INTO `t_role_menu` (`id`, `role_id`, `menu_id`) VALUES (1974476560467558407, 1974474475076329473, 1971223830886178818);
INSERT INTO `t_role_menu` (`id`, `role_id`, `menu_id`) VALUES (1974476560467558408, 1974474475076329473, 1971224071236575233);
INSERT INTO `t_role_menu` (`id`, `role_id`, `menu_id`) VALUES (1974476560467558409, 1974474475076329473, 1971224338606678018);
INSERT INTO `t_role_menu` (`id`, `role_id`, `menu_id`) VALUES (1974476560467558410, 1974474475076329473, 1971225264780304386);
INSERT INTO `t_role_menu` (`id`, `role_id`, `menu_id`) VALUES (1974476560467558411, 1974474475076329473, 1971226319123472386);
INSERT INTO `t_role_menu` (`id`, `role_id`, `menu_id`) VALUES (1974476560467558412, 1974474475076329473, 1971226644907646977);
INSERT INTO `t_role_menu` (`id`, `role_id`, `menu_id`) VALUES (1974476560467558413, 1974474475076329473, 1971226725715107842);
INSERT INTO `t_role_menu` (`id`, `role_id`, `menu_id`) VALUES (1974476560467558414, 1974474475076329473, 1971228112851132417);
INSERT INTO `t_role_menu` (`id`, `role_id`, `menu_id`) VALUES (1974476560467558415, 1974474475076329473, 1971228354145247233);
INSERT INTO `t_role_menu` (`id`, `role_id`, `menu_id`) VALUES (1974476560467558416, 1974474475076329473, 1971228466074443778);
INSERT INTO `t_role_menu` (`id`, `role_id`, `menu_id`) VALUES (1974476560467558417, 1974474475076329473, 1971228604171902978);
INSERT INTO `t_role_menu` (`id`, `role_id`, `menu_id`) VALUES (1974476560467558418, 1974474475076329473, 1971228664133672962);
INSERT INTO `t_role_menu` (`id`, `role_id`, `menu_id`) VALUES (1974476560467558419, 1974474475076329473, 1971228728725954561);
INSERT INTO `t_role_menu` (`id`, `role_id`, `menu_id`) VALUES (1974476560467558420, 1974474475076329473, 1971574987974303746);
INSERT INTO `t_role_menu` (`id`, `role_id`, `menu_id`) VALUES (1974476560467558421, 1974474475076329473, 1971575160020459521);
INSERT INTO `t_role_menu` (`id`, `role_id`, `menu_id`) VALUES (1974476560467558422, 1974474475076329473, 1971575232649027586);
INSERT INTO `t_role_menu` (`id`, `role_id`, `menu_id`) VALUES (1974476560467558423, 1974474475076329473, 1971575291381866498);
INSERT INTO `t_role_menu` (`id`, `role_id`, `menu_id`) VALUES (1974476560467558424, 1974474475076329473, 1971575387821498370);
INSERT INTO `t_role_menu` (`id`, `role_id`, `menu_id`) VALUES (1974476560467558425, 1974474475076329473, 1971575521452023809);
INSERT INTO `t_role_menu` (`id`, `role_id`, `menu_id`) VALUES (1974476560467558426, 1974474475076329473, 1971575575986364418);
INSERT INTO `t_role_menu` (`id`, `role_id`, `menu_id`) VALUES (1974476560467558427, 1974474475076329473, 1971575650561089538);
INSERT INTO `t_role_menu` (`id`, `role_id`, `menu_id`) VALUES (1974476560467558428, 1974474475076329473, 1971575701224087553);
INSERT INTO `t_role_menu` (`id`, `role_id`, `menu_id`) VALUES (1974476560467558429, 1974474475076329473, 1971575809672011777);
INSERT INTO `t_role_menu` (`id`, `role_id`, `menu_id`) VALUES (1974476560467558430, 1974474475076329473, 1971575882535460865);
INSERT INTO `t_role_menu` (`id`, `role_id`, `menu_id`) VALUES (1974476560467558431, 1974474475076329473, 1971575953461141506);
INSERT INTO `t_role_menu` (`id`, `role_id`, `menu_id`) VALUES (1974476560467558432, 1974474475076329473, 1971576005952856065);
INSERT INTO `t_role_menu` (`id`, `role_id`, `menu_id`) VALUES (1974476560467558433, 1974474475076329473, 1971576074340982786);
INSERT INTO `t_role_menu` (`id`, `role_id`, `menu_id`) VALUES (1974476560467558434, 1974474475076329473, 1971576458572783617);
INSERT INTO `t_role_menu` (`id`, `role_id`, `menu_id`) VALUES (1974476560467558435, 1974474475076329473, 1971576542152679426);
INSERT INTO `t_role_menu` (`id`, `role_id`, `menu_id`) VALUES (1974476560467558436, 1974474475076329473, 1971576621307584513);
INSERT INTO `t_role_menu` (`id`, `role_id`, `menu_id`) VALUES (1974476560467558437, 1974474475076329473, 1971576677108604929);
INSERT INTO `t_role_menu` (`id`, `role_id`, `menu_id`) VALUES (1974476560467558438, 1974474475076329473, 1971576743089201154);
INSERT INTO `t_role_menu` (`id`, `role_id`, `menu_id`) VALUES (1974476560467558439, 1974474475076329473, 1971576810906902529);
INSERT INTO `t_role_menu` (`id`, `role_id`, `menu_id`) VALUES (1974476560467558440, 1974474475076329473, 1971577037919412226);
INSERT INTO `t_role_menu` (`id`, `role_id`, `menu_id`) VALUES (1974476560467558441, 1974474475076329473, 1971577121545445378);
INSERT INTO `t_role_menu` (`id`, `role_id`, `menu_id`) VALUES (1974476560467558442, 1974474475076329473, 1971577198187962370);
INSERT INTO `t_role_menu` (`id`, `role_id`, `menu_id`) VALUES (1974476560467558443, 1974474475076329473, 1971577253435334657);
INSERT INTO `t_role_menu` (`id`, `role_id`, `menu_id`) VALUES (1974476560467558444, 1974474475076329473, 1971577307755765762);
INSERT INTO `t_role_menu` (`id`, `role_id`, `menu_id`) VALUES (1974476560467558445, 1974474475076329473, 1971577373031718913);
INSERT INTO `t_role_menu` (`id`, `role_id`, `menu_id`) VALUES (1974476560467558446, 1974474475076329473, 1971577562127720450);
INSERT INTO `t_role_menu` (`id`, `role_id`, `menu_id`) VALUES (1974476560467558447, 1974474475076329473, 1971577625461710849);
INSERT INTO `t_role_menu` (`id`, `role_id`, `menu_id`) VALUES (1974476560467558448, 1974474475076329473, 1971577693409435649);
INSERT INTO `t_role_menu` (`id`, `role_id`, `menu_id`) VALUES (1974476560467558449, 1974474475076329473, 1971577750519078913);
INSERT INTO `t_role_menu` (`id`, `role_id`, `menu_id`) VALUES (1974476560467558450, 1974474475076329473, 1971577814897451009);
INSERT INTO `t_role_menu` (`id`, `role_id`, `menu_id`) VALUES (1974476560467558451, 1974474475076329473, 1971578127008194561);
INSERT INTO `t_role_menu` (`id`, `role_id`, `menu_id`) VALUES (1974476560467558452, 1974474475076329473, 1971578199422853121);
INSERT INTO `t_role_menu` (`id`, `role_id`, `menu_id`) VALUES (1974476560467558453, 1974474475076329473, 1971578261913788418);
INSERT INTO `t_role_menu` (`id`, `role_id`, `menu_id`) VALUES (1974476560467558454, 1974474475076329473, 1971578313700859905);
INSERT INTO `t_role_menu` (`id`, `role_id`, `menu_id`) VALUES (1974476560467558455, 1974474475076329473, 1971578374568599554);
INSERT INTO `t_role_menu` (`id`, `role_id`, `menu_id`) VALUES (1974476560467558456, 1974474475076329473, 1971578605519560705);
INSERT INTO `t_role_menu` (`id`, `role_id`, `menu_id`) VALUES (1974476560467558457, 1974474475076329473, 1971578675476357121);
INSERT INTO `t_role_menu` (`id`, `role_id`, `menu_id`) VALUES (1974476560467558458, 1974474475076329473, 1971578788210860034);
INSERT INTO `t_role_menu` (`id`, `role_id`, `menu_id`) VALUES (1974476560467558459, 1974474475076329473, 1971578833853276162);
INSERT INTO `t_role_menu` (`id`, `role_id`, `menu_id`) VALUES (1974476560467558460, 1974474475076329473, 1971578893743742977);
INSERT INTO `t_role_menu` (`id`, `role_id`, `menu_id`) VALUES (1974476560467558461, 1974474475076329473, 1971578961318174722);
INSERT INTO `t_role_menu` (`id`, `role_id`, `menu_id`) VALUES (1974476560467558462, 1974474475076329473, 1971579095942750210);
INSERT INTO `t_role_menu` (`id`, `role_id`, `menu_id`) VALUES (1974476560467558463, 1974474475076329473, 1971579322581966850);
INSERT INTO `t_role_menu` (`id`, `role_id`, `menu_id`) VALUES (1974476560467558464, 1974474475076329473, 1971579363681951745);
INSERT INTO `t_role_menu` (`id`, `role_id`, `menu_id`) VALUES (1974476560467558465, 1974474475076329473, 1971579500986687489);
INSERT INTO `t_role_menu` (`id`, `role_id`, `menu_id`) VALUES (1974476560467558466, 1974474475076329473, 1971579567655149569);


INSERT INTO `t_user` (`id`, `create_by`, `update_by`, `create_time`, `update_time`, `deleted`, `version`, `remark`, `dept_id`, `username`, `password`, `nickname`, `email`, `sex`, `phone`, `avatar`, `status`, `last_login_ip`, `last_login_time`) VALUES (1, NULL, NULL, '2025-09-05 11:33:09', '2025-10-04 22:00:42', 0, 62, NULL, 1966151295895171074, 'admin', '$2a$10$GHoUDIvjIXO9ey5sd5D1YOL/YpIWca4PxzrnSepjEG3v8MQcoaFXS', '管理员', '228389787@qq.com', '0', '18888888888', '2025/09/25/e5ced7eae4ac4a82abbaf6fd2155c509.jpg', '0', '127.0.0.1', '2025-10-06 16:17:35');


INSERT INTO `t_user_role` (`id`, `user_id`, `role_id`) VALUES (1, 1, 1974474475076329473);


INSERT INTO `t_whitelist` (`id`, `create_by`, `update_by`, `create_time`, `update_time`, `deleted`, `version`, `remark`, `request_method`, `request_uri`, `description`, `status`) VALUES (1963484537937846274, NULL, NULL, '2025-09-04 14:09:28', '2025-10-04 12:01:03', 0, 1, NULL, 'GET', '/profile/generate/captcha', '获取滑块验证码', '0');
INSERT INTO `t_whitelist` (`id`, `create_by`, `update_by`, `create_time`, `update_time`, `deleted`, `version`, `remark`, `request_method`, `request_uri`, `description`, `status`) VALUES (1963484964007829505, NULL, NULL, '2025-09-04 14:11:10', '2025-10-04 12:01:12', 0, 1, NULL, 'GET', '/profile/sendEmailCode', '发送邮箱验证码', '0');
INSERT INTO `t_whitelist` (`id`, `create_by`, `update_by`, `create_time`, `update_time`, `deleted`, `version`, `remark`, `request_method`, `request_uri`, `description`, `status`) VALUES (1963975961120718849, NULL, NULL, '2025-09-05 22:42:13', '2025-09-25 22:58:16', 0, 1, NULL, 'ALL', '/doc.html', 'knife4j文档', '0');
INSERT INTO `t_whitelist` (`id`, `create_by`, `update_by`, `create_time`, `update_time`, `deleted`, `version`, `remark`, `request_method`, `request_uri`, `description`, `status`) VALUES (1963983992990494721, NULL, NULL, '2025-09-05 23:14:08', '2025-09-25 22:58:16', 0, 1, NULL, 'ALL', '/swagger-resources', 'knife4j文档', '0');
INSERT INTO `t_whitelist` (`id`, `create_by`, `update_by`, `create_time`, `update_time`, `deleted`, `version`, `remark`, `request_method`, `request_uri`, `description`, `status`) VALUES (1963984031683047426, NULL, NULL, '2025-09-05 23:14:17', '2025-09-25 22:58:16', 0, 1, NULL, 'ALL', '/v2/api-docs', 'knife4j文档', '0');
INSERT INTO `t_whitelist` (`id`, `create_by`, `update_by`, `create_time`, `update_time`, `deleted`, `version`, `remark`, `request_method`, `request_uri`, `description`, `status`) VALUES (1963984285845159938, NULL, NULL, '2025-09-05 23:15:17', '2025-09-25 22:58:16', 0, 1, NULL, 'ALL', '/webjars/**', 'knife4j文档', '0');
INSERT INTO `t_whitelist` (`id`, `create_by`, `update_by`, `create_time`, `update_time`, `deleted`, `version`, `remark`, `request_method`, `request_uri`, `description`, `status`) VALUES (1963984550132539393, NULL, NULL, '2025-09-05 23:16:20', '2025-10-04 22:03:11', 0, 1, NULL, 'ALL', '/favicon.ico', 'knife4j文档', '0');
INSERT INTO `t_whitelist` (`id`, `create_by`, `update_by`, `create_time`, `update_time`, `deleted`, `version`, `remark`, `request_method`, `request_uri`, `description`, `status`) VALUES (1964687436378345474, NULL, NULL, '2025-09-07 21:49:22', '2025-09-25 21:52:42', 1, 1, NULL, 'ALL', '/**', '放行所有接口', '0');
INSERT INTO `t_whitelist` (`id`, `create_by`, `update_by`, `create_time`, `update_time`, `deleted`, `version`, `remark`, `request_method`, `request_uri`, `description`, `status`) VALUES (1974320977298948097, NULL, NULL, '2025-10-04 11:49:37', '2025-10-04 11:57:31', 0, 1, NULL, 'ALL', '/swagger-ui.html', 'swagger文档', '0');
INSERT INTO `t_whitelist` (`id`, `create_by`, `update_by`, `create_time`, `update_time`, `deleted`, `version`, `remark`, `request_method`, `request_uri`, `description`, `status`) VALUES (1974322619540955138, NULL, NULL, '2025-10-04 11:56:08', '2025-10-04 11:57:32', 0, 1, NULL, 'ALL', '/swagger-ui/**', 'swagger文档', '0');
INSERT INTO `t_whitelist` (`id`, `create_by`, `update_by`, `create_time`, `update_time`, `deleted`, `version`, `remark`, `request_method`, `request_uri`, `description`, `status`) VALUES (1974322934918963201, NULL, NULL, '2025-10-04 11:57:23', '2025-10-04 11:58:28', 0, 1, NULL, 'ALL', '/v3/api-docs/**', 'swagger文档', '0');
INSERT INTO `t_whitelist` (`id`, `create_by`, `update_by`, `create_time`, `update_time`, `deleted`, `version`, `remark`, `request_method`, `request_uri`, `description`, `status`) VALUES (1974337249415794689, NULL, NULL, '2025-10-04 12:54:16', '2025-10-04 12:54:16', 0, 1, NULL, 'GET', '/profile/publicKey', '获取RSA公钥', '0');
INSERT INTO `t_whitelist` (`id`, `create_by`, `update_by`, `create_time`, `update_time`, `deleted`, `version`, `remark`, `request_method`, `request_uri`, `description`, `status`) VALUES (1974459418292531201, NULL, NULL, '2025-10-04 20:59:44', '2025-10-04 20:59:44', 0, 1, NULL, 'GET', '/profile/refreshToken', '刷新token', '0');
INSERT INTO `t_whitelist` (`id`, `create_by`, `update_by`, `create_time`, `update_time`, `deleted`, `version`, `remark`, `request_method`, `request_uri`, `description`, `status`) VALUES (1975094173811982337, NULL, NULL, '2025-10-06 15:02:01', '2025-10-06 15:02:01', 0, 1, NULL, 'POST', '/profile/register', '注册用户', '0');
